run_id,seed,n,seconds,ts_unix,note
0,42,20,5.0,1770735822.484196,placeholder
1,42,20,5.0,1770735822.494316,placeholder
2,42,20,5.0,1770735822.5047596,placeholder
3,42,20,5.0,1770735822.5149653,placeholder
4,42,20,5.0,1770735822.5254877,placeholder
